Date,Close
2022-12-02,146.2718
2022-12-05,145.1041
2022-12-06,141.4228
2022-12-07,139.4733
2022-12-08,141.1655
2022-12-09,140.6806
2022-12-12,142.9864
2022-12-13,143.9562
2022-12-14,141.7197
2022-12-15,135.0795
2022-12-16,133.1102
2022-12-19,130.9925
2022-12-20,130.9232
2022-12-21,134.0404
2022-12-22,130.8539
2022-12-23,130.4878
2022-12-27,128.6768
2022-12-28,124.7284
2022-12-29,128.2612
2022-12-30,128.5779
2023-01-03,123.7685
2023-01-04,125.0450
2023-01-05,123.7190
2023-01-06,128.2711
2023-01-09,128.7956
2023-01-10,129.3696
2023-01-11,132.1009
2023-01-12,132.0217
2023-01-13,133.3576
2023-01-17,134.5253
2023-01-18,133.8029
2023-01-19,133.8623
2023-01-20,136.4353
2023-01-23,139.6415
2023-01-24,141.0468
2023-01-25,140.3837
2023-01-26,142.4619
2023-01-27,144.4114
2023-01-30,141.5119
2023-01-31,142.7884
2023-02-01,143.9166
2023-02-02,149.2505
2023-02-03,152.8922
2023-02-06,150.1510
2023-02-07,153.0406
2023-02-08,150.3390
2023-02-09,149.3000
2023-02-10,149.6667
2023-02-13,152.4814
2023-02-14,151.8372
2023-02-15,153.9482
2023-02-16,152.3427
2023-02-17,151.1930
2023-02-21,147.1592
2023-02-22,147.5854
2023-02-23,148.0710
2023-02-24,145.4049
2023-02-27,146.6042
2023-02-28,146.0987
2023-03-01,144.0174
2023-03-02,144.6120
2023-03-03,149.6865
2023-03-06,152.4616
2023-03-07,150.2514
2023-03-08,151.5101
2023-03-09,149.2504
2023-03-10,147.1790
2023-03-13,149.1315
2023-03-14,151.2326
2023-03-15,151.6291
2023-03-16,154.4636
2023-03-17,153.6212
2023-03-20,155.9998
2023-03-21,157.8631
2023-03-22,156.4260
2023-03-23,157.5162
2023-03-24,158.8245
2023-03-27,156.8720
2023-03-28,156.2476
2023-03-29,159.3398
2023-03-30,160.9157
2023-03-31,163.4331
2023-04-03,164.6918
2023-04-04,164.1566
2023-04-05,162.3033
2023-04-06,163.1953
2023-04-10,160.5886
2023-04-11,159.3696
2023-04-12,158.6758
2023-04-13,164.0872
2023-04-14,163.7404
2023-04-17,163.7602
2023-04-18,164.9892
2023-04-19,166.1389
2023-04-20,165.1675
2023-04-21,163.5521
2023-04-24,163.8593
2023-04-25,162.3132
2023-04-26,162.3033
2023-04-27,166.9119
2023-04-28,168.1706
2023-05-01,168.0814
2023-05-02,167.0407
2023-05-03,165.9604
2023-05-04,164.3152
2023-05-05,172.0260
2023-05-08,171.9566
2023-05-09,170.2420
2023-05-10,172.0161
2023-05-11,172.2044
2023-05-12,171.2715
2023-05-15,170.7753
2023-05-16,170.7753
2023-05-17,171.3906
2023-05-18,173.7328
2023-05-19,173.8420
2023-05-22,172.8892
2023-05-23,170.2691
2023-05-24,170.5470
2023-05-25,171.6883
2023-05-26,174.1099
2023-05-30,175.9659
2023-05-31,175.9163
2023-06-01,178.7349
2023-06-02,179.5884
2023-06-05,178.2287
2023-06-06,177.8615
2023-06-07,176.4820
2023-06-08,179.2113
2023-06-09,179.5984
2023-06-12,182.4070
2023-06-13,181.9307
2023-06-14,182.5658
2023-06-15,184.6103
2023-06-16,183.5285
2023-06-20,183.6179
2023-06-21,182.5758
2023-06-22,185.5929
2023-06-23,185.2753
2023-06-26,183.8759
2023-06-27,186.6449
2023-06-28,187.8260
2023-06-29,188.1634
2023-06-30,192.5105
2023-07-03,191.0118
2023-07-05,189.8903
2023-07-06,190.3667
2023-07-07,189.2452
2023-07-10,187.1908
2023-07-11,186.6648
2023-07-12,188.3421
2023-07-13,189.1062
2023-07-14,189.2551
2023-07-17,192.5303
2023-07-18,192.2722
2023-07-19,193.6320
2023-07-20,191.6768
2023-07-21,190.4957
2023-07-24,191.2996
2023-07-25,192.1631
2023-07-26,193.0365
2023-07-27,191.7661
2023-07-28,194.3564
2023-07-31,194.9718
2023-08-01,194.1381
2023-08-02,191.1309
2023-08-03,189.7315
2023-08-04,180.6206
2023-08-07,177.5042
2023-08-08,178.4471
2023-08-09,176.8492
2023-08-10,176.6308
2023-08-11,176.6905
2023-08-14,178.3501
2023-08-15,176.3526
2023-08-16,175.4780
2023-08-17,172.9239
2023-08-18,173.4109
2023-08-21,174.7525
2023-08-22,176.1339
2023-08-23,179.9999
2023-08-24,175.2892
2023-08-25,177.5054
2023-08-28,179.0756
2023-08-29,182.9813
2023-08-30,186.4895
2023-08-31,186.7081
2023-09-01,188.2883
2023-09-05,188.5268
2023-09-06,181.7788
2023-09-07,176.4619
2023-09-08,177.0780
2023-09-11,178.2507
2023-09-12,175.2097
2023-09-13,173.1326
2023-09-14,174.6532
2023-09-15,173.9276
2023-09-18,176.8694
2023-09-19,177.9626
2023-09-20,174.4047
2023-09-21,172.8544
2023-09-22,173.7090
2023-09-25,174.9910
2023-09-26,170.8965
2023-09-27,169.3760
2023-09-28,169.6344
2023-09-29,170.1512
2023-10-02,172.6755
2023-10-03,171.3338
2023-10-04,172.5860
2023-10-05,173.8283
2023-10-06,176.3923
2023-10-09,177.8831
2023-10-10,177.2868
2023-10-11,178.6880
2023-10-12,179.5924
2023-10-13,177.7439
2023-10-16,177.6147
2023-10-17,176.0544
2023-10-18,174.7525
2023-10-19,174.3749
2023-10-20,171.8108
2023-10-23,171.9301
2023-10-24,172.3674
2023-10-25,170.0419
2023-10-26,165.8579
2023-10-27,167.1797
2023-10-30,169.2368
2023-10-31,169.7139
2023-11-01,172.8941
2023-11-02,176.4718
2023-11-03,175.5575
2023-11-06,178.1216
2023-11-07,180.6955
2023-11-08,181.7589
2023-11-09,181.2819
2023-11-10,185.4913
2023-11-13,183.8991
2023-11-14,186.5262
2023-11-15,187.0934
2023-11-16,188.7852
2023-11-17,188.7652
2023-11-20,190.5166
2023-11-21,189.7106
2023-11-22,190.3773
2023-11-24,189.0439
2023-11-27,188.8647
2023-11-28,189.4718
2023-11-29,188.4468
2023-11-30,189.0240
2023-12-01,190.3077
2023-12-04,188.5065
2023-12-05,192.4771
2023-12-06,191.3824
2023-12-07,193.3229
2023-12-08,194.7559
2023-12-11,192.2382
2023-12-12,193.7608
2023-12-13,196.9949
2023-12-14,197.1442
2023-12-15,196.6068
2023-12-18,194.9350
2023-12-19,195.9799
2023-12-20,193.8802
2023-12-21,193.7309
2023-12-22,192.6562
2023-12-26,192.1089
2023-12-27,192.2084
2023-12-28,192.6363
2023-12-29,191.5914
2024-01-02,184.7350
2024-01-03,183.3518
2024-01-04,181.0232
2024-01-05,180.2967
2024-01-08,184.6554
2024-01-09,184.2374
2024-01-10,185.2823
2024-01-11,184.6852
2024-01-12,185.0136
2024-01-16,182.7348
2024-01-17,181.7894
2024-01-18,187.7104
2024-01-19,190.6261
2024-01-22,192.9447
2024-01-23,194.2285
2024-01-24,193.5518
2024-01-25,193.2234
2024-01-26,191.4819
2024-01-29,190.7953
2024-01-30,187.1233
2024-01-31,183.5010
2024-02-01,185.9490
2024-02-02,184.9440
2024-02-05,186.7650
2024-02-06,188.3771
2024-02-07,188.4866
2024-02-08,187.4019
2024-02-09,188.1691
2024-02-12,186.4753
2024-02-13,184.3729
2024-02-14,183.4861
2024-02-15,183.1971
2024-02-16,181.6527
2024-02-20,180.9054
2024-02-21,181.6627
2024-02-22,183.7053
2024-02-23,181.8620
2024-02-26,180.5069
2024-02-27,181.9716
2024-02-28,180.7659
2024-02-29,180.0983
2024-03-01,179.0123
2024-03-04,174.4687
2024-03-05,169.5067
2024-03-06,168.5103
2024-03-07,168.3907
2024-03-08,170.1145
2024-03-11,172.1272
2024-03-12,172.6054
2024-03-13,170.5130
2024-03-14,172.3763
2024-03-15,171.9977
2024-03-18,173.0937
2024-03-19,175.4452
2024-03-20,178.0258
2024-03-21,170.7522
2024-03-22,171.6589
2024-03-25,170.2340
2024-03-26,169.0981
2024-03-27,172.6852
2024-03-28,170.8618
2024-04-01,169.4170
2024-04-02,168.2313
2024-04-03,169.0383
2024-04-04,168.2114
2024-04-05,168.9686
2024-04-08,167.8427
2024-04-09,169.0583
2024-04-10,167.1751
2024-04-11,174.4089
2024-04-12,175.9135
2024-04-15,172.0674
2024-04-16,168.7693
2024-04-17,167.3943
2024-04-18,166.4377
2024-04-19,164.4051
2024-04-22,165.2421
2024-04-23,166.2983
2024-04-24,168.4106
2024-04-25,169.2775
2024-04-26,168.6896
2024-04-29,172.8745
2024-04-30,169.7159
2024-05-01,168.6896
2024-05-02,172.4062
2024-05-03,182.7189
2024-05-06,181.0549
2024-05-07,181.7424
2024-05-08,182.0812
2024-05-09,183.9046
2024-05-10,182.6374
2024-05-13,185.8602
2024-05-14,187.0076
2024-05-15,189.2924
2024-05-16,189.4121
2024-05-17,189.4421
2024-05-20,190.6094
2024-05-21,191.9165
2024-05-22,190.4697
2024-05-23,186.4588
2024-05-24,189.5518
2024-05-28,189.5618
2024-05-29,189.8611
2024-05-30,190.8589
2024-05-31,191.8167
2024-06-03,193.5927
2024-06-04,193.9120
2024-06-05,195.4285
2024-06-06,194.0417
2024-06-07,196.4462
2024-06-10,192.6847
2024-06-11,206.6831
2024-06-12,212.5898
2024-06-13,213.7571
2024-06-14,212.0111
2024-06-17,216.1817
2024-06-18,213.8070
2024-06-20,209.2074
2024-06-21,207.0224
2024-06-24,207.6709
2024-06-25,208.5988
2024-06-26,212.7694
2024-06-27,213.6175
2024-06-28,210.1453
2024-07-01,216.2615
2024-07-02,219.7735
2024-07-03,221.0507
2024-07-05,225.8298
2024-07-08,227.3065
2024-07-09,228.1646
2024-07-10,232.4549
2024-07-11,227.0571
2024-07-12,230.0204
2024-07-15,233.8717
2024-07-16,234.2908
2024-07-17,228.3641
2024-07-18,223.6747
2024-07-19,223.8044
2024-07-22,223.4552
2024-07-23,224.5029
2024-07-24,218.0474
2024-07-25,216.9998
2024-07-26,217.4688
2024-07-29,217.7481
2024-07-30,218.3069
2024-07-31,221.5795
2024-08-01,217.8678
2024-08-02,219.3645
2024-08-05,208.7983
2024-08-06,206.7629
2024-08-07,209.3471
2024-08-08,212.8292
2024-08-09,215.7526
2024-08-12,217.2909
2024-08-13,221.0268
2024-08-14,221.4763
2024-08-15,224.4730
2024-08-16,225.8016
2024-08-19,225.6418
2024-08-20,226.2611
2024-08-21,226.1512
2024-08-22,224.2832
2024-08-23,226.5907
2024-08-26,226.9303
2024-08-27,227.7794
2024-08-28,226.2411
2024-08-29,229.5375
2024-08-30,228.7483
2024-09-03,222.5252
2024-09-04,220.6073
2024-09-05,222.1356
2024-09-06,220.5773
2024-09-09,220.6672
2024-09-10,219.8681
2024-09-11,222.4153
2024-09-12,222.5252
2024-09-13,222.2555
2024-09-16,216.0823
2024-09-17,216.5517
2024-09-18,220.4475
2024-09-19,228.6185
2024-09-20,227.9492
2024-09-23,226.2211
2024-09-24,227.1201
2024-09-25,226.1212
2024-09-26,227.2700
2024-09-27,227.5397
2024-09-30,232.7439
2024-10-01,225.9614
2024-10-02,226.5308
2024-10-03,225.4220
2024-10-04,226.5508
2024-10-07,221.4464
2024-10-08,225.5219
2024-10-09,229.2877
2024-10-10,228.7883
2024-10-11,227.2999
2024-10-14,231.0458
2024-10-15,233.5930
2024-10-16,231.5253
2024-10-17,231.8949
2024-10-18,234.7417
2024-10-21,236.2201
2024-10-22,235.6008
2024-10-23,230.5064
2024-10-24,230.3166
2024-10-25,231.1557
2024-10-28,233.1435
2024-10-29,233.4132
2024-10-30,229.8471
2024-10-31,225.6617
2024-11-01,222.6650
2024-11-04,221.7660
2024-11-05,223.2044
2024-11-06,222.4752
2024-11-07,227.2300
2024-11-08,226.9600
2024-11-11,224.2300
2024-11-12,224.2300
2024-11-13,225.1200
2024-11-14,228.2200
2024-11-15,225.0000
2024-11-18,228.0200
2024-11-19,228.2800
2024-11-20,229.0000
2024-11-21,228.5200
2024-11-22,229.8700
2024-11-25,232.8700
2024-11-26,235.0600
2024-11-27,234.9300
2024-11-29,237.3300
